DT_GERACAO,HH_GERACAO,ANO_ELEICAO,NR_TURNO,SG_UF,CD_MUNICIPIO,NM_MUNICIPIO,NR_ZONA,CD_GENERO,DS_GENERO,CD_ESTADO_CIVIL,DS_ESTADO_CIVIL,CD_FAIXA_ETARIA,DS_FAIXA_ETARIA,CD_GRAU_ESCOLARIDADE,DS_GRAU_ESCOLARIDADE,CD_COR_RACA,DS_COR_RACA,CD_QUILOMBOLA,DS_QUILOMBOLA,CD_INTERPRETE_LIBRAS,DS_INTERPRETE_LIBRAS,CD_IDENTIDADE_GENERO,DS_IDENTIDADE_GENERO,CD_IDIOMA_INDIGENA,DS_IDIOMA_INDIGENA,CD_GRUPO_INDIGENA,DS_GRUPO_INDIGENA,QT_APTOS,QT_COMPARECIMENTO,QT_ABSTENCAO,QT_COMPARECIMENTO_DEFICIENCIA,QT_ABSTENCAO_DEFICIENCIA,QT_COMPARECIMENTO_TTE,QT_ABSTENCAO_TTE,QT_COMPAREC_FACULTATIVO,QT_ABST_FACULTATIVO,QT_COMPAREC_OBRIGATORIO,QT_ABST_OBRIGATORIO,QT_COMPAREC_DEFIC_FACULTATIVO,QT_ABST_DEFIC_FACULTATIVO,QT_COMPAREC_DEFIC_OBRIGATORIO,QT_ABST_DEFIC_OBRIGATORIO,_metadata_ingestion_timestamp,_metadata_source,TAXA_COMPARECIMENTO_PCT,TAXA_ABSTENCAO_PCT,NOME_REGIAO
30/04/2025,07:09:09,2018,2,AL,27634,IGREJA NOVA,37,4,FEMININO,1,SOLTEIRO,2529,25 a 29 anos,5,ENSINO M�DIO INCOMPLETO,-1,N�O INFORMADO,-1,N�O INFORMADO,-1,N�O INFORMADO,-1,N�O INFORMADO,-1,N�O INFORMADO,-1,N�O INFORMADO,230,162,68,0,0,0,0,0,0,162,68,0,0,0,0,2026-01-16T16:58:59.112977+0000,tse:comparecimento_abstencao:2018,70.43478260869566,29.565217391304348,Nordeste
30/04/2025,07:09:09,2018,1,BA,34797,CORDEIROS,60,4,FEMININO,3,CASADO,2124,21 a 24 anos,6,ENSINO M�DIO COMPLETO,-1,N�O INFORMADO,-1,N�O INFORMADO,-1,N�O INFORMADO,-1,N�O INFORMADO,-1,N�O INFORMADO,-1,N�O INFORMADO,31,21,10,0,0,0,0,0,0,21,10,0,0,0,0,2026-01-16T16:58:59.112977+0000,tse:comparecimento_abstencao:2018,67.74193548387096,32.25806451612903,Nordeste
30/04/2025,07:09:09,2018,2,GO,94315,JARAGU�,17,4,FEMININO,3,CASADO,5559,55 a 59 anos,1,ANALFABETO,-1,N�O INFORMADO,-1,N�O INFORMADO,-1,N�O INFORMADO,-1,N�O INFORMADO,-1,N�O INFORMADO,-1,N�O INFORMADO,21,20,1,0,0,0,0,20,1,0,0,0,0,0,0,2026-01-16T16:58:59.112977+0000,tse:comparecimento_abstencao:2018,95.23809523809523,4.761904761904762,Centro-Oeste
30/04/2025,07:09:09,2018,2,RJ,58394,ITAGUA�,105,2,MASCULINO,1,SOLTEIRO,3539,35 a 39 anos,5,ENSINO M�DIO INCOMPLETO,-1,N�O INFORMADO,-1,N�O INFORMADO,-1,N�O INFORMADO,-1,N�O INFORMADO,-1,N�O INFORMADO,-1,N�O INFORMADO,933,791,142,0,0,0,0,0,0,791,142,0,0,0,0,2026-01-16T16:58:59.112977+0000,tse:comparecimento_abstencao:2018,84.78027867095392,15.219721329046088,Sudeste
30/04/2025,07:09:09,2018,2,SP,62936,CAMPO LIMPO PAULISTA,344,4,FEMININO,3,CASADO,7074,70 a 74 anos,1,ANALFABETO,-1,N�O INFORMADO,-1,N�O INFORMADO,-1,N�O INFORMADO,-1,N�O INFORMADO,-1,N�O INFORMADO,-1,N�O INFORMADO,52,9,43,1,0,0,0,9,43,0,0,1,0,0,0,2026-01-16T16:58:59.112977+0000,tse:comparecimento_abstencao:2018,17.307692307692307,82.6923076923077,Sudeste
30/04/2025,07:09:09,2018,2,SC,81418,IMARU�,62,2,MASCULINO,9,DIVORCIADO,5559,55 a 59 anos,3,ENSINO FUNDAMENTAL INCOMPLETO,-1,N�O INFORMADO,-1,N�O INFORMADO,-1,N�O INFORMADO,-1,N�O INFORMADO,-1,N�O INFORMADO,-1,N�O INFORMADO,12,11,1,0,0,0,0,0,0,11,1,0,0,0,0,2026-01-16T16:58:59.112977+0000,tse:comparecimento_abstencao:2018,91.66666666666666,8.333333333333332,Sul
30/04/2025,07:09:09,2018,1,MG,40932,ATAL�IA,270,2,MASCULINO,1,SOLTEIRO,4044,40 a 44 anos,2,L� E ESCREVE,-1,N�O INFORMADO,-1,N�O INFORMADO,-1,N�O INFORMADO,-1,N�O INFORMADO,-1,N�O INFORMADO,-1,N�O INFORMADO,127,103,24,0,0,0,0,0,0,103,24,0,0,0,0,2026-01-16T16:58:59.112977+0000,tse:comparecimento_abstencao:2018,81.10236220472441,18.89763779527559,Sudeste
30/04/2025,07:09:09,2018,2,AC,1490,XAPURI,2,2,MASCULINO,1,SOLTEIRO,1900,19 anos,7,SUPERIOR INCOMPLETO,-1,N�O INFORMADO,-1,N�O INFORMADO,-1,N�O INFORMADO,-1,N�O INFORMADO,-1,N�O INFORMADO,-1,N�O INFORMADO,1,1,0,0,0,0,0,0,0,1,0,0,0,0,0,2026-01-16T16:58:59.112977+0000,tse:comparecimento_abstencao:2018,100.0,0.0,Norte
30/04/2025,07:09:09,2018,1,MG,54399,VIRGOL�NDIA,247,4,FEMININO,1,SOLTEIRO,3034,30 a 34 anos,7,SUPERIOR INCOMPLETO,-1,N�O INFORMADO,-1,N�O INFORMADO,-1,N�O INFORMADO,-1,N�O INFORMADO,-1,N�O INFORMADO,-1,N�O INFORMADO,3,2,1,0,0,0,0,0,0,2,1,0,0,0,0,2026-01-16T16:58:59.112977+0000,tse:comparecimento_abstencao:2018,66.66666666666666,33.33333333333333,Sudeste
30/04/2025,07:09:09,2018,2,RN,18031,PORTALEGRE,63,4,FEMININO,1,SOLTEIRO,3539,35 a 39 anos,6,ENSINO M�DIO COMPLETO,-1,N�O INFORMADO,-1,N�O INFORMADO,-1,N�O INFORMADO,-1,N�O INFORMADO,-1,N�O INFORMADO,-1,N�O INFORMADO,69,61,8,0,0,0,0,0,0,61,8,0,0,0,0,2026-01-16T16:58:59.112977+0000,tse:comparecimento_abstencao:2018,88.40579710144928,11.594202898550725,Nordeste
30/04/2025,07:09:09,2018,2,RS,88013,PORTO ALEGRE,113,4,FEMININO,3,CASADO,6064,60 a 64 anos,7,SUPERIOR INCOMPLETO,-1,N�O INFORMADO,-1,N�O INFORMADO,-1,N�O INFORMADO,-1,N�O INFORMADO,-1,N�O INFORMADO,-1,N�O INFORMADO,146,135,11,0,0,0,0,0,0,135,11,0,0,0,0,2026-01-16T16:58:59.112977+0000,tse:comparecimento_abstencao:2018,92.46575342465754,7.534246575342466,Sul
30/04/2025,07:09:09,2018,2,BA,37940,PIRA� DO NORTE,151,4,FEMININO,5,VI�VO,6569,65 a 69 anos,2,L� E ESCREVE,-1,N�O INFORMADO,-1,N�O INFORMADO,-1,N�O INFORMADO,-1,N�O INFORMADO,-1,N�O INFORMADO,-1,N�O INFORMADO,2,1,1,0,0,0,0,0,0,1,1,0,0,0,0,2026-01-16T16:58:59.112977+0000,tse:comparecimento_abstencao:2018,50.0,50.0,Nordeste
30/04/2025,07:09:09,2018,2,MG,50237,PIRAPORA,218,4,FEMININO,1,SOLTEIRO,3539,35 a 39 anos,6,ENSINO M�DIO COMPLETO,-1,N�O INFORMADO,-1,N�O INFORMADO,-1,N�O INFORMADO,-1,N�O INFORMADO,-1,N�O INFORMADO,-1,N�O INFORMADO,359,286,73,0,0,0,0,0,0,286,73,0,0,0,0,2026-01-16T16:58:59.112977+0000,tse:comparecimento_abstencao:2018,79.66573816155989,20.334261838440113,Sudeste
30/04/2025,07:09:09,2018,1,RS,89192,SOLEDADE,54,2,MASCULINO,3,CASADO,7074,70 a 74 anos,5,ENSINO M�DIO INCOMPLETO,-1,N�O INFORMADO,-1,N�O INFORMADO,-1,N�O INFORMADO,-1,N�O INFORMADO,-1,N�O INFORMADO,-1,N�O INFORMADO,4,4,0,0,0,0,0,4,0,0,0,0,0,0,0,2026-01-16T16:58:59.112977+0000,tse:comparecimento_abstencao:2018,100.0,0.0,Sul
30/04/2025,07:09:09,2018,1,PE,23450,BONITO,39,4,FEMININO,1,SOLTEIRO,1900,19 anos,8,SUPERIOR COMPLETO,-1,N�O INFORMADO,-1,N�O INFORMADO,-1,N�O INFORMADO,-1,N�O INFORMADO,-1,N�O INFORMADO,-1,N�O INFORMADO,1,1,0,0,0,0,0,0,0,1,0,0,0,0,0,2026-01-16T16:58:59.112977+0000,tse:comparecimento_abstencao:2018,100.0,0.0,Nordeste
30/04/2025,07:09:09,2018,2,RS,85022,ERNESTINA,128,2,MASCULINO,1,SOLTEIRO,2124,21 a 24 anos,5,ENSINO M�DIO INCOMPLETO,-1,N�O INFORMADO,-1,N�O INFORMADO,-1,N�O INFORMADO,-1,N�O INFORMADO,-1,N�O INFORMADO,-1,N�O INFORMADO,41,32,9,0,0,0,0,0,0,32,9,0,0,0,0,2026-01-16T16:58:59.112977+0000,tse:comparecimento_abstencao:2018,78.04878048780488,21.951219512195124,Sul
30/04/2025,07:09:09,2018,1,RJ,60011,RIO DE JANEIRO,180,4,FEMININO,5,VI�VO,4549,45 a 49 anos,5,ENSINO M�DIO INCOMPLETO,-1,N�O INFORMADO,-1,N�O INFORMADO,-1,N�O INFORMADO,-1,N�O INFORMADO,-1,N�O INFORMADO,-1,N�O INFORMADO,2,1,1,0,1,0,0,0,0,1,1,0,0,0,1,2026-01-16T16:58:59.112977+0000,tse:comparecimento_abstencao:2018,50.0,50.0,Sudeste
30/04/2025,07:09:09,2018,1,RS,87319,LAVRAS DO SUL,9,2,MASCULINO,1,SOLTEIRO,4549,45 a 49 anos,4,ENSINO FUNDAMENTAL COMPLETO,-1,N�O INFORMADO,-1,N�O INFORMADO,-1,N�O INFORMADO,-1,N�O INFORMADO,-1,N�O INFORMADO,-1,N�O INFORMADO,7,7,0,0,0,0,0,0,0,7,0,0,0,0,0,2026-01-16T16:58:59.112977+0000,tse:comparecimento_abstencao:2018,100.0,0.0,Sul
30/04/2025,07:09:09,2018,2,RS,89265,JACUIZINHO,154,2,MASCULINO,7,SEPARADO JUDICIALMENTE,3539,35 a 39 anos,7,SUPERIOR INCOMPLETO,-1,N�O INFORMADO,-1,N�O INFORMADO,-1,N�O INFORMADO,-1,N�O INFORMADO,-1,N�O INFORMADO,-1,N�O INFORMADO,1,1,0,0,0,0,0,0,0,1,0,0,0,0,0,2026-01-16T16:58:59.112977+0000,tse:comparecimento_abstencao:2018,100.0,0.0,Sul
30/04/2025,07:09:09,2018,1,MT,90069,QUER�NCIA,53,2,MASCULINO,1,SOLTEIRO,7579,75 a 79 anos,1,ANALFABETO,-1,N�O INFORMADO,-1,N�O INFORMADO,-1,N�O INFORMADO,-1,N�O INFORMADO,-1,N�O INFORMADO,-1,N�O INFORMADO,5,0,5,0,0,0,0,0,5,0,0,0,0,0,0,2026-01-16T16:58:59.112977+0000,tse:comparecimento_abstencao:2018,0.0,100.0,Centro-Oeste
30/04/2025,07:09:09,2018,1,MG,45837,HELIODORA,159,2,MASCULINO,1,SOLTEIRO,5054,50 a 54 anos,1,ANALFABETO,-1,N�O INFORMADO,-1,N�O INFORMADO,-1,N�O INFORMADO,-1,N�O INFORMADO,-1,N�O INFORMADO,-1,N�O INFORMADO,13,10,3,0,0,0,0,10,3,0,0,0,0,0,0,2026-01-16T16:58:59.112977+0000,tse:comparecimento_abstencao:2018,76.92307692307693,23.076923076923077,Sudeste
30/04/2025,07:09:09,2018,2,CE,13994,GROA�RAS,65,4,FEMININO,5,VI�VO,8589,85 a 89 anos,1,ANALFABETO,-1,N�O INFORMADO,-1,N�O INFORMADO,-1,N�O INFORMADO,-1,N�O INFORMADO,-1,N�O INFORMADO,-1,N�O INFORMADO,4,0,4,0,0,0,0,0,4,0,0,0,0,0,0,2026-01-16T16:58:59.112977+0000,tse:comparecimento_abstencao:2018,0.0,100.0,Nordeste
30/04/2025,07:09:09,2018,2,MG,40134,�GUA COMPRIDA,347,4,FEMININO,3,CASADO,3034,30 a 34 anos,3,ENSINO FUNDAMENTAL INCOMPLETO,-1,N�O INFORMADO,-1,N�O INFORMADO,-1,N�O INFORMADO,-1,N�O INFORMADO,-1,N�O INFORMADO,-1,N�O INFORMADO,4,3,1,0,0,0,0,0,0,3,1,0,0,0,0,2026-01-16T16:58:59.112977+0000,tse:comparecimento_abstencao:2018,75.0,25.0,Sudeste
30/04/2025,07:09:09,2018,2,RS,86134,CONSTANTINA,146,2,MASCULINO,3,CASADO,4549,45 a 49 anos,2,L� E ESCREVE,-1,N�O INFORMADO,-1,N�O INFORMADO,-1,N�O INFORMADO,-1,N�O INFORMADO,-1,N�O INFORMADO,-1,N�O INFORMADO,7,7,0,0,0,0,0,0,0,7,0,0,0,0,0,2026-01-16T16:58:59.112977+0000,tse:comparecimento_abstencao:2018,100.0,0.0,Sul
30/04/2025,07:09:09,2018,2,BA,30775,BARROCAS,150,2,MASCULINO,5,VI�VO,5559,55 a 59 anos,3,ENSINO FUNDAMENTAL INCOMPLETO,-1,N�O INFORMADO,-1,N�O INFORMADO,-1,N�O INFORMADO,-1,N�O INFORMADO,-1,N�O INFORMADO,-1,N�O INFORMADO,2,2,0,0,0,0,0,0,0,2,0,0,0,0,0,2026-01-16T16:58:59.112977+0000,tse:comparecimento_abstencao:2018,100.0,0.0,Nordeste
30/04/2025,07:09:09,2018,1,TO,73610,BARRA DO OURO,32,2,MASCULINO,1,SOLTEIRO,4549,45 a 49 anos,7,SUPERIOR INCOMPLETO,-1,N�O INFORMADO,-1,N�O INFORMADO,-1,N�O INFORMADO,-1,N�O INFORMADO,-1,N�O INFORMADO,-1,N�O INFORMADO,1,1,0,0,0,0,0,0,0,1,0,0,0,0,0,2026-01-16T16:58:59.112977+0000,tse:comparecimento_abstencao:2018,100.0,0.0,Norte
30/04/2025,07:09:09,2018,1,PE,24570,JABOAT�O DOS GUARARAPES,11,2,MASCULINO,3,CASADO,1700,17 anos,5,ENSINO M�DIO INCOMPLETO,-1,N�O INFORMADO,-1,N�O INFORMADO,-1,N�O INFORMADO,-1,N�O INFORMADO,-1,N�O INFORMADO,-1,N�O INFORMADO,1,1,0,0,0,0,0,1,0,0,0,0,0,0,0,2026-01-16T16:58:59.112977+0000,tse:comparecimento_abstencao:2018,100.0,0.0,Nordeste
30/04/2025,07:09:09,2018,2,RN,18252,SANTANA DO SERID�,24,2,MASCULINO,1,SOLTEIRO,4044,40 a 44 anos,2,L� E ESCREVE,-1,N�O INFORMADO,-1,N�O INFORMADO,-1,N�O INFORMADO,-1,N�O INFORMADO,-1,N�O INFORMADO,-1,N�O INFORMADO,2,2,0,0,0,0,0,0,0,2,0,0,0,0,0,2026-01-16T16:58:59.112977+0000,tse:comparecimento_abstencao:2018,100.0,0.0,Nordeste
30/04/2025,07:09:09,2018,2,RS,85030,AJURICABA,23,4,FEMININO,3,CASADO,5054,50 a 54 anos,3,ENSINO FUNDAMENTAL INCOMPLETO,-1,N�O INFORMADO,-1,N�O INFORMADO,-1,N�O INFORMADO,-1,N�O INFORMADO,-1,N�O INFORMADO,-1,N�O INFORMADO,92,90,2,0,0,0,0,0,0,90,2,0,0,0,0,2026-01-16T16:58:59.112977+0000,tse:comparecimento_abstencao:2018,97.82608695652173,2.1739130434782608,Sul
30/04/2025,07:09:09,2018,2,MA,7170,ARAIOSES,12,2,MASCULINO,1,SOLTEIRO,3539,35 a 39 anos,4,ENSINO FUNDAMENTAL COMPLETO,-1,N�O INFORMADO,-1,N�O INFORMADO,-1,N�O INFORMADO,-1,N�O INFORMADO,-1,N�O INFORMADO,-1,N�O INFORMADO,45,38,7,0,0,0,0,0,0,38,7,0,0,0,0,2026-01-16T16:58:59.112977+0000,tse:comparecimento_abstencao:2018,84.44444444444444,15.555555555555555,Nordeste
30/04/2025,07:09:09,2018,1,RS,89044,BOA VISTA DO CADEADO,17,2,MASCULINO,5,VI�VO,7074,70 a 74 anos,4,ENSINO FUNDAMENTAL COMPLETO,-1,N�O INFORMADO,-1,N�O INFORMADO,-1,N�O INFORMADO,-1,N�O INFORMADO,-1,N�O INFORMADO,-1,N�O INFORMADO,1,1,0,0,0,0,0,1,0,0,0,0,0,0,0,2026-01-16T16:58:59.112977+0000,tse:comparecimento_abstencao:2018,100.0,0.0,Sul
30/04/2025,07:09:09,2018,2,ES,56731,MUNIZ FREIRE,19,2,MASCULINO,5,VI�VO,7579,75 a 79 anos,2,L� E ESCREVE,-1,N�O INFORMADO,-1,N�O INFORMADO,-1,N�O INFORMADO,-1,N�O INFORMADO,-1,N�O INFORMADO,-1,N�O INFORMADO,7,2,5,0,0,0,0,2,5,0,0,0,0,0,0,2026-01-16T16:58:59.112977+0000,tse:comparecimento_abstencao:2018,28.57142857142857,71.42857142857143,Sudeste
30/04/2025,07:09:09,2018,2,MG,52574,S�O JO�O NEPOMUCENO,258,2,MASCULINO,1,SOLTEIRO,4549,45 a 49 anos,7,SUPERIOR INCOMPLETO,-1,N�O INFORMADO,-1,N�O INFORMADO,-1,N�O INFORMADO,-1,N�O INFORMADO,-1,N�O INFORMADO,-1,N�O INFORMADO,10,6,4,0,0,0,0,0,0,6,4,0,0,0,0,2026-01-16T16:58:59.112977+0000,tse:comparecimento_abstencao:2018,60.0,40.0,Sudeste
30/04/2025,07:09:09,2018,1,SP,67717,NOVO HORIZONTE,79,2,MASCULINO,3,CASADO,5559,55 a 59 anos,5,ENSINO M�DIO INCOMPLETO,-1,N�O INFORMADO,-1,N�O INFORMADO,-1,N�O INFORMADO,-1,N�O INFORMADO,-1,N�O INFORMADO,-1,N�O INFORMADO,23,17,6,0,0,0,0,0,0,17,6,0,0,0,0,2026-01-16T16:58:59.112977+0000,tse:comparecimento_abstencao:2018,73.91304347826086,26.08695652173913,Sudeste
30/04/2025,07:09:09,2018,2,MS,90999,JARDIM,22,2,MASCULINO,9,DIVORCIADO,6064,60 a 64 anos,5,ENSINO M�DIO INCOMPLETO,-1,N�O INFORMADO,-1,N�O INFORMADO,-1,N�O INFORMADO,-1,N�O INFORMADO,-1,N�O INFORMADO,-1,N�O INFORMADO,3,3,0,0,0,0,0,0,0,3,0,0,0,0,0,2026-01-16T16:58:59.112977+0000,tse:comparecimento_abstencao:2018,100.0,0.0,Centro-Oeste
30/04/2025,07:09:09,2018,2,RJ,58467,MESQUITA,83,4,FEMININO,7,SEPARADO JUDICIALMENTE,5559,55 a 59 anos,7,SUPERIOR INCOMPLETO,-1,N�O INFORMADO,-1,N�O INFORMADO,-1,N�O INFORMADO,-1,N�O INFORMADO,-1,N�O INFORMADO,-1,N�O INFORMADO,1,1,0,0,0,0,0,0,0,1,0,0,0,0,0,2026-01-16T16:58:59.112977+0000,tse:comparecimento_abstencao:2018,100.0,0.0,Sudeste
30/04/2025,07:09:09,2018,2,SP,70637,SANTO ANT�NIO DO JARDIM,91,4,FEMININO,3,CASADO,5054,50 a 54 anos,3,ENSINO FUNDAMENTAL INCOMPLETO,-1,N�O INFORMADO,-1,N�O INFORMADO,-1,N�O INFORMADO,-1,N�O INFORMADO,-1,N�O INFORMADO,-1,N�O INFORMADO,79,74,5,0,0,0,0,0,0,74,5,0,0,0,0,2026-01-16T16:58:59.112977+0000,tse:comparecimento_abstencao:2018,93.67088607594937,6.329113924050633,Sudeste
30/04/2025,07:09:09,2018,1,PE,25895,SURUBIM,34,2,MASCULINO,1,SOLTEIRO,1900,19 anos,1,ANALFABETO,-1,N�O INFORMADO,-1,N�O INFORMADO,-1,N�O INFORMADO,-1,N�O INFORMADO,-1,N�O INFORMADO,-1,N�O INFORMADO,2,2,0,0,0,0,0,2,0,0,0,0,0,0,0,2026-01-16T16:58:59.112977+0000,tse:comparecimento_abstencao:2018,100.0,0.0,Nordeste
30/04/2025,07:09:09,2018,2,PR,84611,SARANDI,206,4,FEMININO,1,SOLTEIRO,3034,30 a 34 anos,4,ENSINO FUNDAMENTAL COMPLETO,-1,N�O INFORMADO,-1,N�O INFORMADO,-1,N�O INFORMADO,-1,N�O INFORMADO,-1,N�O INFORMADO,-1,N�O INFORMADO,132,97,35,0,0,0,0,0,0,97,35,0,0,0,0,2026-01-16T16:58:59.112977+0000,tse:comparecimento_abstencao:2018,73.48484848484848,26.515151515151516,Sul
30/04/2025,07:09:09,2018,2,SP,71951,TORRINHA,28,2,MASCULINO,3,CASADO,6569,65 a 69 anos,3,ENSINO FUNDAMENTAL INCOMPLETO,-1,N�O INFORMADO,-1,N�O INFORMADO,-1,N�O INFORMADO,-1,N�O INFORMADO,-1,N�O INFORMADO,-1,N�O INFORMADO,63,53,10,1,0,0,0,0,0,53,10,0,0,1,0,2026-01-16T16:58:59.112977+0000,tse:comparecimento_abstencao:2018,84.12698412698413,15.873015873015872,Sudeste
30/04/2025,07:09:09,2018,2,CE,13145,ACARAPE,52,4,FEMININO,5,VI�VO,8084,80 a 84 anos,1,ANALFABETO,-1,N�O INFORMADO,-1,N�O INFORMADO,-1,N�O INFORMADO,-1,N�O INFORMADO,-1,N�O INFORMADO,-1,N�O INFORMADO,18,2,16,0,0,0,0,2,16,0,0,0,0,0,0,2026-01-16T16:58:59.112977+0000,tse:comparecimento_abstencao:2018,11.11111111111111,88.88888888888889,Nordeste
30/04/2025,07:09:09,2018,1,MG,46272,IPIA�U,141,4,FEMININO,3,CASADO,3034,30 a 34 anos,3,ENSINO FUNDAMENTAL INCOMPLETO,-1,N�O INFORMADO,-1,N�O INFORMADO,-1,N�O INFORMADO,-1,N�O INFORMADO,-1,N�O INFORMADO,-1,N�O INFORMADO,8,5,3,0,0,0,0,0,0,5,3,0,0,0,0,2026-01-16T16:58:59.112977+0000,tse:comparecimento_abstencao:2018,62.5,37.5,Sudeste
30/04/2025,07:09:09,2018,1,MT,90476,C�CERES,6,2,MASCULINO,1,SOLTEIRO,3034,30 a 34 anos,2,L� E ESCREVE,-1,N�O INFORMADO,-1,N�O INFORMADO,-1,N�O INFORMADO,-1,N�O INFORMADO,-1,N�O INFORMADO,-1,N�O INFORMADO,37,22,15,0,1,0,0,0,0,22,15,0,0,0,1,2026-01-16T16:58:59.112977+0000,tse:comparecimento_abstencao:2018,59.45945945945946,40.54054054054054,Centro-Oeste
30/04/2025,07:09:09,2018,2,AM,2038,ANORI,33,2,MASCULINO,3,CASADO,5559,55 a 59 anos,5,ENSINO M�DIO INCOMPLETO,-1,N�O INFORMADO,-1,N�O INFORMADO,-1,N�O INFORMADO,-1,N�O INFORMADO,-1,N�O INFORMADO,-1,N�O INFORMADO,3,3,0,0,0,0,0,0,0,3,0,0,0,0,0,2026-01-16T16:58:59.112977+0000,tse:comparecimento_abstencao:2018,100.0,0.0,Norte
30/04/2025,07:09:09,2018,1,RS,85871,CANGU�U,14,4,FEMININO,3,CASADO,1800,18 anos,4,ENSINO FUNDAMENTAL COMPLETO,-1,N�O INFORMADO,-1,N�O INFORMADO,-1,N�O INFORMADO,-1,N�O INFORMADO,-1,N�O INFORMADO,-1,N�O INFORMADO,4,4,0,0,0,0,0,0,0,4,0,0,0,0,0,2026-01-16T16:58:59.112977+0000,tse:comparecimento_abstencao:2018,100.0,0.0,Sul
30/04/2025,07:09:09,2018,1,PE,26310,ABREU E LIMA,119,2,MASCULINO,9,DIVORCIADO,9599,95 a 99 anos,8,SUPERIOR COMPLETO,-1,N�O INFORMADO,-1,N�O INFORMADO,-1,N�O INFORMADO,-1,N�O INFORMADO,-1,N�O INFORMADO,-1,N�O INFORMADO,1,0,1,0,0,0,0,0,1,0,0,0,0,0,0,2026-01-16T16:58:59.112977+0000,tse:comparecimento_abstencao:2018,0.0,100.0,Nordeste
30/04/2025,07:09:09,2018,2,MG,43478,CONCEI��O DE IPANEMA,129,4,FEMININO,3,CASADO,3539,35 a 39 anos,7,SUPERIOR INCOMPLETO,-1,N�O INFORMADO,-1,N�O INFORMADO,-1,N�O INFORMADO,-1,N�O INFORMADO,-1,N�O INFORMADO,-1,N�O INFORMADO,2,2,0,0,0,0,0,0,0,2,0,0,0,0,0,2026-01-16T16:58:59.112977+0000,tse:comparecimento_abstencao:2018,100.0,0.0,Sudeste
30/04/2025,07:09:09,2018,2,SC,80624,PASSOS MAIA,63,4,FEMININO,9,DIVORCIADO,4549,45 a 49 anos,6,ENSINO M�DIO COMPLETO,-1,N�O INFORMADO,-1,N�O INFORMADO,-1,N�O INFORMADO,-1,N�O INFORMADO,-1,N�O INFORMADO,-1,N�O INFORMADO,1,1,0,0,0,0,0,0,0,1,0,0,0,0,0,2026-01-16T16:58:59.112977+0000,tse:comparecimento_abstencao:2018,100.0,0.0,Sul
30/04/2025,07:09:09,2018,2,SP,66974,MINEIROS DO TIET�,241,4,FEMININO,9,DIVORCIADO,2529,25 a 29 anos,5,ENSINO M�DIO INCOMPLETO,-1,N�O INFORMADO,-1,N�O INFORMADO,-1,N�O INFORMADO,-1,N�O INFORMADO,-1,N�O INFORMADO,-1,N�O INFORMADO,1,1,0,0,0,0,0,0,0,1,0,0,0,0,0,2026-01-16T16:58:59.112977+0000,tse:comparecimento_abstencao:2018,100.0,0.0,Sudeste
30/04/2025,07:09:09,2018,1,SP,61425,NOVA CANA� PAULISTA,187,4,FEMININO,1,SOLTEIRO,3034,30 a 34 anos,7,SUPERIOR INCOMPLETO,-1,N�O INFORMADO,-1,N�O INFORMADO,-1,N�O INFORMADO,-1,N�O INFORMADO,-1,N�O INFORMADO,-1,N�O INFORMADO,4,3,1,0,0,0,0,0,0,3,1,0,0,0,0,2026-01-16T16:58:59.112977+0000,tse:comparecimento_abstencao:2018,75.0,25.0,Sudeste
30/04/2025,07:09:09,2018,2,SP,62910,CAMPINAS,274,2,MASCULINO,1,SOLTEIRO,2124,21 a 24 anos,3,ENSINO FUNDAMENTAL INCOMPLETO,-1,N�O INFORMADO,-1,N�O INFORMADO,-1,N�O INFORMADO,-1,N�O INFORMADO,-1,N�O INFORMADO,-1,N�O INFORMADO,137,57,80,0,1,0,0,0,0,57,80,0,0,0,1,2026-01-16T16:58:59.112977+0000,tse:comparecimento_abstencao:2018,41.605839416058394,58.3941605839416,Sudeste
30/04/2025,07:09:09,2018,1,MT,90689,TAPURAH,21,4,FEMININO,1,SOLTEIRO,3539,35 a 39 anos,3,ENSINO FUNDAMENTAL INCOMPLETO,-1,N�O INFORMADO,-1,N�O INFORMADO,-1,N�O INFORMADO,-1,N�O INFORMADO,-1,N�O INFORMADO,-1,N�O INFORMADO,114,84,30,0,0,0,0,0,0,84,30,0,0,0,0,2026-01-16T16:58:59.112977+0000,tse:comparecimento_abstencao:2018,73.68421052631578,26.31578947368421,Centro-Oeste
30/04/2025,07:09:09,2018,1,GO,92690,BOM JESUS DE GOI�S,124,4,FEMININO,7,SEPARADO JUDICIALMENTE,6064,60 a 64 anos,3,ENSINO FUNDAMENTAL INCOMPLETO,-1,N�O INFORMADO,-1,N�O INFORMADO,-1,N�O INFORMADO,-1,N�O INFORMADO,-1,N�O INFORMADO,-1,N�O INFORMADO,4,2,2,0,0,0,0,0,0,2,2,0,0,0,0,2026-01-16T16:58:59.112977+0000,tse:comparecimento_abstencao:2018,50.0,50.0,Centro-Oeste
30/04/2025,07:09:09,2018,2,BA,33405,APUAREMA,23,4,FEMININO,5,VI�VO,9094,90 a 94 anos,1,ANALFABETO,-1,N�O INFORMADO,-1,N�O INFORMADO,-1,N�O INFORMADO,-1,N�O INFORMADO,-1,N�O INFORMADO,-1,N�O INFORMADO,1,0,1,0,0,0,0,0,1,0,0,0,0,0,0,2026-01-16T16:58:59.112977+0000,tse:comparecimento_abstencao:2018,0.0,100.0,Nordeste
30/04/2025,07:09:09,2018,2,RO,558,VALE DO PARA�SO,28,4,FEMININO,9,DIVORCIADO,8084,80 a 84 anos,3,ENSINO FUNDAMENTAL INCOMPLETO,-1,N�O INFORMADO,-1,N�O INFORMADO,-1,N�O INFORMADO,-1,N�O INFORMADO,-1,N�O INFORMADO,-1,N�O INFORMADO,1,0,1,0,0,0,0,0,1,0,0,0,0,0,0,2026-01-16T16:58:59.112977+0000,tse:comparecimento_abstencao:2018,0.0,100.0,Norte
30/04/2025,07:09:09,2018,1,MG,45357,FREI GASPAR,269,2,MASCULINO,3,CASADO,7074,70 a 74 anos,3,ENSINO FUNDAMENTAL INCOMPLETO,-1,N�O INFORMADO,-1,N�O INFORMADO,-1,N�O INFORMADO,-1,N�O INFORMADO,-1,N�O INFORMADO,-1,N�O INFORMADO,3,1,2,0,0,0,0,1,2,0,0,0,0,0,0,2026-01-16T16:58:59.112977+0000,tse:comparecimento_abstencao:2018,33.33333333333333,66.66666666666666,Sudeste
30/04/2025,07:09:09,2018,2,SP,63150,CARDOSO,224,2,MASCULINO,1,SOLTEIRO,7579,75 a 79 anos,3,ENSINO FUNDAMENTAL INCOMPLETO,-1,N�O INFORMADO,-1,N�O INFORMADO,-1,N�O INFORMADO,-1,N�O INFORMADO,-1,N�O INFORMADO,-1,N�O INFORMADO,2,1,1,0,0,0,0,1,1,0,0,0,0,0,0,2026-01-16T16:58:59.112977+0000,tse:comparecimento_abstencao:2018,50.0,50.0,Sudeste
30/04/2025,07:09:09,2018,1,MG,52590,S�O JOS� DA SAFIRA,247,4,FEMININO,1,SOLTEIRO,3539,35 a 39 anos,2,L� E ESCREVE,-1,N�O INFORMADO,-1,N�O INFORMADO,-1,N�O INFORMADO,-1,N�O INFORMADO,-1,N�O INFORMADO,-1,N�O INFORMADO,26,23,3,0,0,0,0,0,0,23,3,0,0,0,0,2026-01-16T16:58:59.112977+0000,tse:comparecimento_abstencao:2018,88.46153846153845,11.538461538461538,Sudeste
30/04/2025,07:09:09,2018,2,MG,43710,CONTAGEM,93,4,FEMININO,3,CASADO,8084,80 a 84 anos,3,ENSINO FUNDAMENTAL INCOMPLETO,-1,N�O INFORMADO,-1,N�O INFORMADO,-1,N�O INFORMADO,-1,N�O INFORMADO,-1,N�O INFORMADO,-1,N�O INFORMADO,43,20,23,0,2,0,0,20,23,0,0,0,2,0,0,2026-01-16T16:58:59.112977+0000,tse:comparecimento_abstencao:2018,46.51162790697674,53.48837209302325,Sudeste
30/04/2025,07:09:09,2018,1,RS,88439,SANTANA DA BOA VISTA,9,4,FEMININO,5,VI�VO,8589,85 a 89 anos,3,ENSINO FUNDAMENTAL INCOMPLETO,-1,N�O INFORMADO,-1,N�O INFORMADO,-1,N�O INFORMADO,-1,N�O INFORMADO,-1,N�O INFORMADO,-1,N�O INFORMADO,11,1,10,0,0,0,0,1,10,0,0,0,0,0,0,2026-01-16T16:58:59.112977+0000,tse:comparecimento_abstencao:2018,9.090909090909092,90.9090909090909,Sul
30/04/2025,07:09:09,2018,2,MG,41238,BELO HORIZONTE,27,2,MASCULINO,5,VI�VO,6064,60 a 64 anos,2,L� E ESCREVE,-1,N�O INFORMADO,-1,N�O INFORMADO,-1,N�O INFORMADO,-1,N�O INFORMADO,-1,N�O INFORMADO,-1,N�O INFORMADO,2,1,1,0,0,0,0,0,0,1,1,0,0,0,0,2026-01-16T16:58:59.112977+0000,tse:comparecimento_abstencao:2018,50.0,50.0,Sudeste
30/04/2025,07:09:09,2018,2,MT,90840,UNI�O DO SUL,32,2,MASCULINO,3,CASADO,6064,60 a 64 anos,4,ENSINO FUNDAMENTAL COMPLETO,-1,N�O INFORMADO,-1,N�O INFORMADO,-1,N�O INFORMADO,-1,N�O INFORMADO,-1,N�O INFORMADO,-1,N�O INFORMADO,5,4,1,0,0,0,0,0,0,4,1,0,0,0,0,2026-01-16T16:58:59.112977+0000,tse:comparecimento_abstencao:2018,80.0,20.0,Centro-Oeste
30/04/2025,07:09:09,2018,2,BA,38490,SALVADOR,1,4,FEMININO,7,SEPARADO JUDICIALMENTE,7074,70 a 74 anos,8,SUPERIOR COMPLETO,-1,N�O INFORMADO,-1,N�O INFORMADO,-1,N�O INFORMADO,-1,N�O INFORMADO,-1,N�O INFORMADO,-1,N�O INFORMADO,48,39,9,0,0,0,0,39,9,0,0,0,0,0,0,2026-01-16T16:58:59.112977+0000,tse:comparecimento_abstencao:2018,81.25,18.75,Nordeste
30/04/2025,07:09:09,2018,2,GO,95710,RIO VERDE,30,4,FEMININO,1,SOLTEIRO,1700,17 anos,8,SUPERIOR COMPLETO,-1,N�O INFORMADO,-1,N�O INFORMADO,-1,N�O INFORMADO,-1,N�O INFORMADO,-1,N�O INFORMADO,-1,N�O INFORMADO,1,1,0,0,0,0,0,1,0,0,0,0,0,0,0,2026-01-16T16:58:59.112977+0000,tse:comparecimento_abstencao:2018,100.0,0.0,Centro-Oeste
30/04/2025,07:09:09,2018,2,MS,90514,CAMPO GRANDE,8,4,FEMININO,5,VI�VO,8084,80 a 84 anos,2,L� E ESCREVE,-1,N�O INFORMADO,-1,N�O INFORMADO,-1,N�O INFORMADO,-1,N�O INFORMADO,-1,N�O INFORMADO,-1,N�O INFORMADO,40,20,20,2,4,0,0,20,20,0,0,2,4,0,0,2026-01-16T16:58:59.112977+0000,tse:comparecimento_abstencao:2018,50.0,50.0,Centro-Oeste
30/04/2025,07:09:09,2018,2,TO,93858,GURUPI,2,4,FEMININO,3,CASADO,7074,70 a 74 anos,3,ENSINO FUNDAMENTAL INCOMPLETO,-1,N�O INFORMADO,-1,N�O INFORMADO,-1,N�O INFORMADO,-1,N�O INFORMADO,-1,N�O INFORMADO,-1,N�O INFORMADO,103,51,52,0,0,0,0,51,52,0,0,0,0,0,0,2026-01-16T16:58:59.112977+0000,tse:comparecimento_abstencao:2018,49.51456310679612,50.48543689320388,Norte
30/04/2025,07:09:09,2018,2,SC,81850,LAGUNA,20,4,FEMININO,9,DIVORCIADO,2529,25 a 29 anos,6,ENSINO M�DIO COMPLETO,-1,N�O INFORMADO,-1,N�O INFORMADO,-1,N�O INFORMADO,-1,N�O INFORMADO,-1,N�O INFORMADO,-1,N�O INFORMADO,4,3,1,0,0,0,0,0,0,3,1,0,0,0,0,2026-01-16T16:58:59.112977+0000,tse:comparecimento_abstencao:2018,75.0,25.0,Sul
30/04/2025,07:09:09,2018,2,AL,28355,PIA�ABU�U,13,4,FEMININO,7,SEPARADO JUDICIALMENTE,6064,60 a 64 anos,6,ENSINO M�DIO COMPLETO,-1,N�O INFORMADO,-1,N�O INFORMADO,-1,N�O INFORMADO,-1,N�O INFORMADO,-1,N�O INFORMADO,-1,N�O INFORMADO,3,2,1,0,0,0,0,0,0,2,1,0,0,0,0,2026-01-16T16:58:59.112977+0000,tse:comparecimento_abstencao:2018,66.66666666666666,33.33333333333333,Nordeste
30/04/2025,07:09:09,2018,1,SP,63371,CHAVANTES,313,2,MASCULINO,1,SOLTEIRO,2124,21 a 24 anos,5,ENSINO M�DIO INCOMPLETO,-1,N�O INFORMADO,-1,N�O INFORMADO,-1,N�O INFORMADO,-1,N�O INFORMADO,-1,N�O INFORMADO,-1,N�O INFORMADO,49,41,8,1,0,0,0,0,0,41,8,0,0,1,0,2026-01-16T16:58:59.112977+0000,tse:comparecimento_abstencao:2018,83.6734693877551,16.3265306122449,Sudeste
30/04/2025,07:09:09,2018,1,PR,76015,INAJ�,91,2,MASCULINO,1,SOLTEIRO,5054,50 a 54 anos,2,L� E ESCREVE,-1,N�O INFORMADO,-1,N�O INFORMADO,-1,N�O INFORMADO,-1,N�O INFORMADO,-1,N�O INFORMADO,-1,N�O INFORMADO,5,4,1,0,0,0,0,0,0,4,1,0,0,0,0,2026-01-16T16:58:59.112977+0000,tse:comparecimento_abstencao:2018,80.0,20.0,Sul
30/04/2025,07:09:09,2018,1,RS,89273,TAQUARA,55,2,MASCULINO,9,DIVORCIADO,7074,70 a 74 anos,3,ENSINO FUNDAMENTAL INCOMPLETO,-1,N�O INFORMADO,-1,N�O INFORMADO,-1,N�O INFORMADO,-1,N�O INFORMADO,-1,N�O INFORMADO,-1,N�O INFORMADO,14,8,6,0,0,0,0,8,6,0,0,0,0,0,0,2026-01-16T16:58:59.112977+0000,tse:comparecimento_abstencao:2018,57.14285714285714,42.857142857142854,Sul
30/04/2025,07:09:09,2018,2,MT,98752,NOVA CANA� DO NORTE,23,4,FEMININO,3,CASADO,5054,50 a 54 anos,4,ENSINO FUNDAMENTAL COMPLETO,-1,N�O INFORMADO,-1,N�O INFORMADO,-1,N�O INFORMADO,-1,N�O INFORMADO,-1,N�O INFORMADO,-1,N�O INFORMADO,18,17,1,0,0,0,0,0,0,17,1,0,0,0,0,2026-01-16T16:58:59.112977+0000,tse:comparecimento_abstencao:2018,94.44444444444444,5.555555555555555,Centro-Oeste
30/04/2025,07:09:09,2018,2,CE,13897,FORTALEZA,82,4,FEMININO,7,SEPARADO JUDICIALMENTE,4549,45 a 49 anos,7,SUPERIOR INCOMPLETO,-1,N�O INFORMADO,-1,N�O INFORMADO,-1,N�O INFORMADO,-1,N�O INFORMADO,-1,N�O INFORMADO,-1,N�O INFORMADO,1,1,0,0,0,0,0,0,0,1,0,0,0,0,0,2026-01-16T16:58:59.112977+0000,tse:comparecimento_abstencao:2018,100.0,0.0,Nordeste
30/04/2025,07:09:09,2018,1,ES,57053,VIT�RIA,1,4,FEMININO,1,SOLTEIRO,2529,25 a 29 anos,7,SUPERIOR INCOMPLETO,-1,N�O INFORMADO,-1,N�O INFORMADO,-1,N�O INFORMADO,-1,N�O INFORMADO,-1,N�O INFORMADO,-1,N�O INFORMADO,922,819,103,2,0,2,0,0,0,819,103,0,0,2,0,2026-01-16T16:58:59.112977+0000,tse:comparecimento_abstencao:2018,88.8286334056399,11.171366594360087,Sudeste
30/04/2025,07:09:09,2018,1,MG,41238,BELO HORIZONTE,36,4,FEMININO,9,DIVORCIADO,6064,60 a 64 anos,5,ENSINO M�DIO INCOMPLETO,-1,N�O INFORMADO,-1,N�O INFORMADO,-1,N�O INFORMADO,-1,N�O INFORMADO,-1,N�O INFORMADO,-1,N�O INFORMADO,10,7,3,0,0,0,0,0,0,7,3,0,0,0,0,2026-01-16T16:58:59.112977+0000,tse:comparecimento_abstencao:2018,70.0,30.0,Sudeste
30/04/2025,07:09:09,2018,1,PI,12190,TERESINA,1,4,FEMININO,7,SEPARADO JUDICIALMENTE,4044,40 a 44 anos,2,L� E ESCREVE,-1,N�O INFORMADO,-1,N�O INFORMADO,-1,N�O INFORMADO,-1,N�O INFORMADO,-1,N�O INFORMADO,-1,N�O INFORMADO,4,3,1,0,0,0,0,0,0,3,1,0,0,0,0,2026-01-16T16:58:59.112977+0000,tse:comparecimento_abstencao:2018,75.0,25.0,Nordeste
30/04/2025,07:09:09,2018,1,RS,86134,CONSTANTINA,146,2,MASCULINO,1,SOLTEIRO,6569,65 a 69 anos,2,L� E ESCREVE,-1,N�O INFORMADO,-1,N�O INFORMADO,-1,N�O INFORMADO,-1,N�O INFORMADO,-1,N�O INFORMADO,-1,N�O INFORMADO,3,3,0,0,0,0,0,0,0,3,0,0,0,0,0,2026-01-16T16:58:59.112977+0000,tse:comparecimento_abstencao:2018,100.0,0.0,Sul
30/04/2025,07:09:09,2018,1,SP,71455,SOROCABA,137,4,FEMININO,1,SOLTEIRO,3539,35 a 39 anos,2,L� E ESCREVE,-1,N�O INFORMADO,-1,N�O INFORMADO,-1,N�O INFORMADO,-1,N�O INFORMADO,-1,N�O INFORMADO,-1,N�O INFORMADO,1,1,0,0,0,0,0,0,0,1,0,0,0,0,0,2026-01-16T16:58:59.112977+0000,tse:comparecimento_abstencao:2018,100.0,0.0,Sudeste
30/04/2025,07:09:09,2018,2,ZZ,29947,LIMA,1,4,FEMININO,3,CASADO,9094,90 a 94 anos,2,L� E ESCREVE,-1,N�O INFORMADO,-1,N�O INFORMADO,-1,N�O INFORMADO,-1,N�O INFORMADO,-1,N�O INFORMADO,-1,N�O INFORMADO,1,0,1,0,0,0,0,0,1,0,0,0,0,0,0,2026-01-16T16:58:59.112977+0000,tse:comparecimento_abstencao:2018,0.0,100.0,Desconhecido
30/04/2025,07:09:09,2018,1,BA,34797,CORDEIROS,60,2,MASCULINO,5,VI�VO,7579,75 a 79 anos,3,ENSINO FUNDAMENTAL INCOMPLETO,-1,N�O INFORMADO,-1,N�O INFORMADO,-1,N�O INFORMADO,-1,N�O INFORMADO,-1,N�O INFORMADO,-1,N�O INFORMADO,1,1,0,0,0,0,0,1,0,0,0,0,0,0,0,2026-01-16T16:58:59.112977+0000,tse:comparecimento_abstencao:2018,100.0,0.0,Nordeste
30/04/2025,07:09:09,2018,2,MG,41238,BELO HORIZONTE,39,4,FEMININO,9,DIVORCIADO,5054,50 a 54 anos,3,ENSINO FUNDAMENTAL INCOMPLETO,-1,N�O INFORMADO,-1,N�O INFORMADO,-1,N�O INFORMADO,-1,N�O INFORMADO,-1,N�O INFORMADO,-1,N�O INFORMADO,112,84,28,0,1,0,0,0,0,84,28,0,0,0,1,2026-01-16T16:58:59.112977+0000,tse:comparecimento_abstencao:2018,75.0,25.0,Sudeste
30/04/2025,07:09:09,2018,1,MA,8893,S�O JOS� DE RIBAMAR,47,4,FEMININO,1,SOLTEIRO,2529,25 a 29 anos,5,ENSINO M�DIO INCOMPLETO,-1,N�O INFORMADO,-1,N�O INFORMADO,-1,N�O INFORMADO,-1,N�O INFORMADO,-1,N�O INFORMADO,-1,N�O INFORMADO,1,0,1,0,0,0,0,0,0,0,1,0,0,0,0,2026-01-16T16:58:59.112977+0000,tse:comparecimento_abstencao:2018,0.0,100.0,Nordeste
30/04/2025,07:09:09,2018,1,MG,41327,PEDRA BONITA,2,2,MASCULINO,3,CASADO,7579,75 a 79 anos,1,ANALFABETO,-1,N�O INFORMADO,-1,N�O INFORMADO,-1,N�O INFORMADO,-1,N�O INFORMADO,-1,N�O INFORMADO,-1,N�O INFORMADO,9,1,8,0,0,0,0,1,8,0,0,0,0,0,0,2026-01-16T16:58:59.112977+0000,tse:comparecimento_abstencao:2018,11.11111111111111,88.88888888888889,Sudeste
30/04/2025,07:09:09,2018,1,SP,67776,�LEO,94,2,MASCULINO,3,CASADO,7074,70 a 74 anos,6,ENSINO M�DIO COMPLETO,-1,N�O INFORMADO,-1,N�O INFORMADO,-1,N�O INFORMADO,-1,N�O INFORMADO,-1,N�O INFORMADO,-1,N�O INFORMADO,1,0,1,0,0,0,0,0,1,0,0,0,0,0,0,2026-01-16T16:58:59.112977+0000,tse:comparecimento_abstencao:2018,0.0,100.0,Sudeste
30/04/2025,07:09:09,2018,1,PR,77054,MIRASELVA,65,4,FEMININO,3,CASADO,4044,40 a 44 anos,4,ENSINO FUNDAMENTAL COMPLETO,-1,N�O INFORMADO,-1,N�O INFORMADO,-1,N�O INFORMADO,-1,N�O INFORMADO,-1,N�O INFORMADO,-1,N�O INFORMADO,1,1,0,0,0,0,0,0,0,1,0,0,0,0,0,2026-01-16T16:58:59.112977+0000,tse:comparecimento_abstencao:2018,100.0,0.0,Sul
30/04/2025,07:09:09,2018,1,MA,9296,S�TIO NOVO,99,4,FEMININO,3,CASADO,7074,70 a 74 anos,1,ANALFABETO,-1,N�O INFORMADO,-1,N�O INFORMADO,-1,N�O INFORMADO,-1,N�O INFORMADO,-1,N�O INFORMADO,-1,N�O INFORMADO,13,7,6,0,0,0,0,7,6,0,0,0,0,0,0,2026-01-16T16:58:59.112977+0000,tse:comparecimento_abstencao:2018,53.84615384615385,46.15384615384615,Nordeste
30/04/2025,07:09:09,2018,1,SP,71072,S�O PAULO,255,2,MASCULINO,9,DIVORCIADO,5054,50 a 54 anos,2,L� E ESCREVE,-1,N�O INFORMADO,-1,N�O INFORMADO,-1,N�O INFORMADO,-1,N�O INFORMADO,-1,N�O INFORMADO,-1,N�O INFORMADO,3,3,0,0,0,0,0,0,0,3,0,0,0,0,0,2026-01-16T16:58:59.112977+0000,tse:comparecimento_abstencao:2018,100.0,0.0,Sudeste
30/04/2025,07:09:09,2018,1,CE,14290,ITAPIPOCA,17,4,FEMININO,3,CASADO,5054,50 a 54 anos,8,SUPERIOR COMPLETO,-1,N�O INFORMADO,-1,N�O INFORMADO,-1,N�O INFORMADO,-1,N�O INFORMADO,-1,N�O INFORMADO,-1,N�O INFORMADO,169,159,10,0,0,0,0,0,0,159,10,0,0,0,0,2026-01-16T16:58:59.112977+0000,tse:comparecimento_abstencao:2018,94.0828402366864,5.9171597633136095,Nordeste
30/04/2025,07:09:09,2018,2,ES,56715,MUCURICI,38,2,MASCULINO,3,CASADO,2529,25 a 29 anos,5,ENSINO M�DIO INCOMPLETO,-1,N�O INFORMADO,-1,N�O INFORMADO,-1,N�O INFORMADO,-1,N�O INFORMADO,-1,N�O INFORMADO,-1,N�O INFORMADO,5,3,2,0,0,0,0,0,0,3,2,0,0,0,0,2026-01-16T16:58:59.112977+0000,tse:comparecimento_abstencao:2018,60.0,40.0,Sudeste
30/04/2025,07:09:09,2018,2,MG,41335,BETIM,316,2,MASCULINO,9,DIVORCIADO,5054,50 a 54 anos,5,ENSINO M�DIO INCOMPLETO,-1,N�O INFORMADO,-1,N�O INFORMADO,-1,N�O INFORMADO,-1,N�O INFORMADO,-1,N�O INFORMADO,-1,N�O INFORMADO,28,22,6,0,0,0,0,0,0,22,6,0,0,0,0,2026-01-16T16:58:59.112977+0000,tse:comparecimento_abstencao:2018,78.57142857142857,21.428571428571427,Sudeste
30/04/2025,07:09:09,2018,2,PB,22330,TAVARES,34,4,FEMININO,7,SEPARADO JUDICIALMENTE,5559,55 a 59 anos,2,L� E ESCREVE,-1,N�O INFORMADO,-1,N�O INFORMADO,-1,N�O INFORMADO,-1,N�O INFORMADO,-1,N�O INFORMADO,-1,N�O INFORMADO,2,1,1,0,0,0,0,0,0,1,1,0,0,0,0,2026-01-16T16:58:59.112977+0000,tse:comparecimento_abstencao:2018,50.0,50.0,Nordeste
30/04/2025,07:09:09,2018,1,TO,92410,ARAGUA�NA,1,2,MASCULINO,1,SOLTEIRO,3034,30 a 34 anos,5,ENSINO M�DIO INCOMPLETO,-1,N�O INFORMADO,-1,N�O INFORMADO,-1,N�O INFORMADO,-1,N�O INFORMADO,-1,N�O INFORMADO,-1,N�O INFORMADO,566,410,156,5,2,0,0,0,0,410,156,0,0,5,2,2026-01-16T16:58:59.112977+0000,tse:comparecimento_abstencao:2018,72.43816254416961,27.56183745583039,Norte
30/04/2025,07:09:09,2018,2,RJ,60011,RIO DE JANEIRO,246,4,FEMININO,7,SEPARADO JUDICIALMENTE,5054,50 a 54 anos,8,SUPERIOR COMPLETO,-1,N�O INFORMADO,-1,N�O INFORMADO,-1,N�O INFORMADO,-1,N�O INFORMADO,-1,N�O INFORMADO,-1,N�O INFORMADO,2,2,0,0,0,0,0,0,0,2,0,0,0,0,0,2026-01-16T16:58:59.112977+0000,tse:comparecimento_abstencao:2018,100.0,0.0,Sudeste
30/04/2025,07:09:09,2018,2,PA,4375,BUJARU,87,2,MASCULINO,1,SOLTEIRO,5054,50 a 54 anos,8,SUPERIOR COMPLETO,-1,N�O INFORMADO,-1,N�O INFORMADO,-1,N�O INFORMADO,-1,N�O INFORMADO,-1,N�O INFORMADO,-1,N�O INFORMADO,3,3,0,0,0,0,0,0,0,3,0,0,0,0,0,2026-01-16T16:58:59.112977+0000,tse:comparecimento_abstencao:2018,100.0,0.0,Norte
30/04/2025,07:09:09,2018,2,AL,27693,JACU�PE,14,2,MASCULINO,9,DIVORCIADO,6569,65 a 69 anos,1,ANALFABETO,-1,N�O INFORMADO,-1,N�O INFORMADO,-1,N�O INFORMADO,-1,N�O INFORMADO,-1,N�O INFORMADO,-1,N�O INFORMADO,1,0,1,0,0,0,0,0,1,0,0,0,0,0,0,2026-01-16T16:58:59.112977+0000,tse:comparecimento_abstencao:2018,0.0,100.0,Nordeste
30/04/2025,07:09:09,2018,2,RS,86843,ITAPUCA,145,4,FEMININO,3,CASADO,5559,55 a 59 anos,4,ENSINO FUNDAMENTAL COMPLETO,-1,N�O INFORMADO,-1,N�O INFORMADO,-1,N�O INFORMADO,-1,N�O INFORMADO,-1,N�O INFORMADO,-1,N�O INFORMADO,4,4,0,0,0,0,0,0,0,4,0,0,0,0,0,2026-01-16T16:58:59.112977+0000,tse:comparecimento_abstencao:2018,100.0,0.0,Sul
30/04/2025,07:09:09,2018,1,PA,4154,ANANINDEUA,72,4,FEMININO,1,SOLTEIRO,3034,30 a 34 anos,6,ENSINO M�DIO COMPLETO,-1,N�O INFORMADO,-1,N�O INFORMADO,-1,N�O INFORMADO,-1,N�O INFORMADO,-1,N�O INFORMADO,-1,N�O INFORMADO,3784,3344,440,3,1,1,0,0,0,3344,440,0,0,3,1,2026-01-16T16:58:59.112977+0000,tse:comparecimento_abstencao:2018,88.37209302325581,11.627906976744185,Norte
30/04/2025,07:09:09,2018,2,MG,53511,SIMON�SIA,167,2,MASCULINO,3,CASADO,2124,21 a 24 anos,8,SUPERIOR COMPLETO,-1,N�O INFORMADO,-1,N�O INFORMADO,-1,N�O INFORMADO,-1,N�O INFORMADO,-1,N�O INFORMADO,-1,N�O INFORMADO,1,1,0,0,0,0,0,0,0,1,0,0,0,0,0,2026-01-16T16:58:59.112977+0000,tse:comparecimento_abstencao:2018,100.0,0.0,Sudeste
30/04/2025,07:09:09,2018,1,SP,61417,ANDRADINA,9,4,FEMININO,7,SEPARADO JUDICIALMENTE,7074,70 a 74 anos,6,ENSINO M�DIO COMPLETO,-1,N�O INFORMADO,-1,N�O INFORMADO,-1,N�O INFORMADO,-1,N�O INFORMADO,-1,N�O INFORMADO,-1,N�O INFORMADO,1,0,1,0,0,0,0,0,1,0,0,0,0,0,0,2026-01-16T16:58:59.112977+0000,tse:comparecimento_abstencao:2018,0.0,100.0,Sudeste
30/04/2025,07:09:09,2018,1,MG,47554,LAMBARI,159,4,FEMININO,3,CASADO,4549,45 a 49 anos,8,SUPERIOR COMPLETO,-1,N�O INFORMADO,-1,N�O INFORMADO,-1,N�O INFORMADO,-1,N�O INFORMADO,-1,N�O INFORMADO,-1,N�O INFORMADO,25,22,3,0,0,0,0,0,0,22,3,0,0,0,0,2026-01-16T16:58:59.112977+0000,tse:comparecimento_abstencao:2018,88.0,12.0,Sudeste
